canonical,variant,enabled,note,source
Александр,Алекандр,1,common_typo,ai_seed
Александр,Алексаднр,1,common_typo,ai_seed
Александр,Александрка,1,colloquial,ai_seed
Александр,Александрушка,1,diminutive,ai_seed
Александр,Александрчик,1,diminutive,ai_seed
Александр,Алекснадр,1,common_typo,ai_seed
Александр,Алекссандр,1,common_typo,ai_seed
Александр,Алесандр,1,common_typo,ai_seed
Александр,Алкесандр,1,common_typo,ai_seed
Александр,Саня,1,colloquial,ai_seed
Александр,Саша,0,ambiguous: Александр/Александра,ai_seed
Александр,Сашенька,1,diminutive,ai_seed
Александр,Сашка,1,colloquial,ai_seed
Александр,Сашуля,1,diminutive,ai_seed
Александра,Аелксандра,1,common_typo,ai_seed
Александра,Александренька,1,diminutive,ai_seed
Александра,Александрка,1,colloquial,ai_seed
Александра,Александрочка,1,diminutive,ai_seed
Александра,Алекснадра,1,common_typo,ai_seed
Александра,Саша,0,ambiguous: Александр/Александра,ai_seed
Алексей,Аексей,1,common_typo,ai_seed
Алексей,Аелксей,1,common_typo,ai_seed
Алексей,Алеексей,1,common_typo,ai_seed
Алексей,Алексеей,1,common_typo,ai_seed
Алексей,Алексейка,1,colloquial,ai_seed
Алексей,Алексейушка,1,diminutive,ai_seed
Алексей,Алексейчик,1,diminutive,ai_seed
Алексей,Алесей,1,common_typo,ai_seed
Алексей,Леша,1,yo/e,ai_seed
Алексей,Лешка,1,colloquial,ai_seed
Алексей,Лёша,1,diminutive,ai_seed
Алексей,Лёшенька,1,diminutive,ai_seed
Алина,Алиа,1,common_typo,ai_seed
Алина,Алиненька,1,diminutive,ai_seed
Алина,Алинка,1,colloquial,ai_seed
Алина,Алиночка,1,diminutive,ai_seed
Алина,Ална,1,common_typo,ai_seed
Алла,Алленька,1,diminutive,ai_seed
Алла,Аллка,1,colloquial,ai_seed
Алла,Аллочка,1,diminutive,ai_seed
Алёна,Алена,1,yo/e,ai_seed
Алёна,Ална,1,common_typo,ai_seed
Алёна,Алёненька,1,diminutive,ai_seed
Алёна,Алёнка,1,colloquial,ai_seed
Алёна,Алёночка,1,diminutive,ai_seed
Алёна,Алёнушка,1,diminutive,ai_seed
Алёна,Аёлна,1,common_typo,ai_seed
Алёна,Аёна,1,common_typo,ai_seed
Анастасия,Анастасиенька,1,diminutive,ai_seed
Анастасия,Анастасика,1,colloquial,ai_seed
Анастасия,Анастасиочка,1,diminutive,ai_seed
Анастасия,Анастсия,1,common_typo,ai_seed
Анастасия,Анатсасия,1,common_typo,ai_seed
Анастасия,Настенька,1,diminutive,ai_seed
Анастасия,Настюша,1,diminutive,ai_seed
Анастасия,Настя,1,diminutive,ai_seed
Анатолий,Анатоий,1,common_typo,ai_seed
Анатолий,Анатолийка,1,colloquial,ai_seed
Анатолий,Анатолийушка,1,diminutive,ai_seed
Анатолий,Анатолийчик,1,diminutive,ai_seed
Анатолий,Анатолй,1,common_typo,ai_seed
Андрей,Адрей,1,common_typo,ai_seed
Андрей,Андреей,1,common_typo,ai_seed
Андрей,Андрейка,1,colloquial,ai_seed
Андрей,Андрейушка,1,diminutive,ai_seed
Андрей,Андрейчик,1,diminutive,ai_seed
Андрей,Андрюха,1,colloquial,ai_seed
Андрей,Андрюша,1,diminutive,ai_seed
Андрей,Андрюшка,1,diminutive,ai_seed
Андрей,Анндрей,1,common_typo,ai_seed
Андрей,Анрдей,1,common_typo,ai_seed
Анжелика,Ажелика,1,common_typo,ai_seed
Анжелика,Анжеликенька,1,diminutive,ai_seed
Анжелика,Анжеликка,1,colloquial,ai_seed
Анжелика,Анжеликочка,1,diminutive,ai_seed
Анжелика,Анжелка,1,common_typo,ai_seed
Анжелика,Анжлика,1,common_typo,ai_seed
Анна,Анечка,1,diminutive,ai_seed
Анна,Анненька,1,diminutive,ai_seed
Анна,Аннка,1,colloquial,ai_seed
Анна,Анночка,1,diminutive,ai_seed
Анна,Анька,1,colloquial,ai_seed
Анна,Аня,1,diminutive,ai_seed
Антон,Аннтон,1,common_typo,ai_seed
Антон,Анон,1,common_typo,ai_seed
Антон,Антн,1,common_typo,ai_seed
Антон,Антонка,1,colloquial,ai_seed
Антон,Антонушка,1,diminutive,ai_seed
Антон,Антончик,1,diminutive,ai_seed
Антон,Антоха,1,colloquial,ai_seed
Антон,Антоша,1,diminutive,ai_seed
Антон,Антошка,1,diminutive,ai_seed
Антон,Атнон,1,common_typo,ai_seed
Антонина,Антноина,1,common_typo,ai_seed
Антонина,Антониненька,1,diminutive,ai_seed
Антонина,Антонинка,1,colloquial,ai_seed
Антонина,Антониночка,1,diminutive,ai_seed
Антонина,Антоннина,1,common_typo,ai_seed
Аркадий,Арадий,1,common_typo,ai_seed
Аркадий,Аркаддий,1,common_typo,ai_seed
Аркадий,Аркадийка,1,colloquial,ai_seed
Аркадий,Аркадийушка,1,diminutive,ai_seed
Аркадий,Аркадийчик,1,diminutive,ai_seed
Аркадий,Аркаидй,1,common_typo,ai_seed
Арсений,Арсеий,1,common_typo,ai_seed
Арсений,Арсенийка,1,colloquial,ai_seed
Арсений,Арсенийушка,1,diminutive,ai_seed
Арсений,Арсенийчик,1,diminutive,ai_seed
Арсений,Арсенний,1,common_typo,ai_seed
Арсений,Арснеий,1,common_typo,ai_seed
Артур,Артурка,1,colloquial,ai_seed
Артур,Артурушка,1,diminutive,ai_seed
Артур,Артурчик,1,diminutive,ai_seed
Артур,Арур,1,common_typo,ai_seed
Артур,Атрур,1,common_typo,ai_seed
Артур,Атур,1,common_typo,ai_seed
Артём,Артем,1,yo/e,ai_seed
Артём,Арттём,1,common_typo,ai_seed
Артём,Артёмка,1,colloquial,ai_seed
Артём,Артёмушка,1,diminutive,ai_seed
Артём,Артёмчик,1,diminutive,ai_seed
Артём,Арётм,1,common_typo,ai_seed
Артём,Атрём,1,common_typo,ai_seed
Артём,Атём,1,common_typo,ai_seed
Артём,Тёма,1,diminutive,ai_seed
Артём,Тёмка,1,colloquial,ai_seed
Богдан,Бгдан,1,common_typo,ai_seed
Богдан,Бгодан,1,common_typo,ai_seed
Богдан,Боггдан,1,common_typo,ai_seed
Богдан,Богданка,1,colloquial,ai_seed
Богдан,Богданушка,1,diminutive,ai_seed
Богдан,Богданчик,1,diminutive,ai_seed
Борис,Боорис,1,common_typo,ai_seed
Борис,Бориис,1,common_typo,ai_seed
Борис,Бориска,1,colloquial,ai_seed
Борис,Борисушка,1,diminutive,ai_seed
Борис,Борисчик,1,diminutive,ai_seed
Борис,Брис,1,common_typo,ai_seed
Вадим,Вадимка,1,colloquial,ai_seed
Вадим,Вадимушка,1,diminutive,ai_seed
Вадим,Вадимчик,1,diminutive,ai_seed
Вадим,Ваидм,1,common_typo,ai_seed
Вадим,Ваим,1,common_typo,ai_seed
Вадим,Вдим,1,common_typo,ai_seed
Валентин,Валентинка,1,colloquial,ai_seed
Валентин,Валентинушка,1,diminutive,ai_seed
Валентин,Валентинчик,1,diminutive,ai_seed
Валентин,Валетнин,1,common_typo,ai_seed
Валентин,Валнетин,1,common_typo,ai_seed
Валентин,Валя,0,ambiguous: Валентин/Валентина,ai_seed
Валентина,Валенитна,1,common_typo,ai_seed
Валентина,Валентиненька,1,diminutive,ai_seed
Валентина,Валентинка,1,colloquial,ai_seed
Валентина,Валентиночка,1,diminutive,ai_seed
Валентина,Валнетина,1,common_typo,ai_seed
Валентина,Валя,0,ambiguous: Валентин/Валентина,ai_seed
Валерий,Ваерий,1,common_typo,ai_seed
Валерий,Валерийка,1,colloquial,ai_seed
Валерий,Валерийушка,1,diminutive,ai_seed
Валерий,Валерийчик,1,diminutive,ai_seed
Валерий,Валреий,1,common_typo,ai_seed
Валерий,Лера,0,ambiguous: Валерий/Валерия,ai_seed
Валерия,Валеерия,1,common_typo,ai_seed
Валерия,Валериенька,1,diminutive,ai_seed
Валерия,Валерика,1,colloquial,ai_seed
Валерия,Валериочка,1,diminutive,ai_seed
Валерия,Валрия,1,common_typo,ai_seed
Валерия,Влаерия,1,common_typo,ai_seed
Валерия,Лера,0,ambiguous: Валерий/Валерия,ai_seed
Варвара,Варавра,1,common_typo,ai_seed
Варвара,Варара,1,common_typo,ai_seed
Варвара,Варваренька,1,diminutive,ai_seed
Варвара,Варварка,1,colloquial,ai_seed
Варвара,Варварочка,1,diminutive,ai_seed
Варвара,Варрвара,1,common_typo,ai_seed
Василий,Ваилий,1,common_typo,ai_seed
Василий,Васек,1,yo/e,ai_seed
Василий,Васиилий,1,common_typo,ai_seed
Василий,Василийка,1,colloquial,ai_seed
Василий,Василийушка,1,diminutive,ai_seed
Василий,Василийчик,1,diminutive,ai_seed
Василий,Василй,1,common_typo,ai_seed
Василий,Васька,1,colloquial,ai_seed
Василий,Вася,1,diminutive,ai_seed
Василий,Васёк,1,diminutive,ai_seed
Вера,Веренька,1,diminutive,ai_seed
Вера,Верка,1,colloquial,ai_seed
Вера,Верочка,1,diminutive,ai_seed
Вероника,Веорника,1,common_typo,ai_seed
Вероника,Верониика,1,common_typo,ai_seed
Вероника,Вероникенька,1,diminutive,ai_seed
Вероника,Вероникка,1,colloquial,ai_seed
Вероника,Вероникочка,1,diminutive,ai_seed
Вероника,Верооника,1,common_typo,ai_seed
Виктор,Викторка,1,colloquial,ai_seed
Виктор,Викторушка,1,diminutive,ai_seed
Виктор,Викторчик,1,diminutive,ai_seed
Виктор,Виктр,1,common_typo,ai_seed
Виктор,Витек,1,yo/e,ai_seed
Виктор,Витор,1,common_typo,ai_seed
Виктор,Витька,1,colloquial,ai_seed
Виктор,Витя,1,diminutive,ai_seed
Виктор,Витёк,1,diminutive,ai_seed
Виктория,Вииктория,1,common_typo,ai_seed
Виктория,Виктоиря,1,common_typo,ai_seed
Виктория,Виктоория,1,common_typo,ai_seed
Виктория,Викториенька,1,diminutive,ai_seed
Виктория,Викторика,1,colloquial,ai_seed
Виктория,Викториочка,1,diminutive,ai_seed
Виктория,Викторя,1,common_typo,ai_seed
Виталий,Виталиий,1,common_typo,ai_seed
Виталий,Виталийка,1,colloquial,ai_seed
Виталий,Виталийушка,1,diminutive,ai_seed
Виталий,Виталийчик,1,diminutive,ai_seed
Виталий,Втиалий,1,common_typo,ai_seed
Владимир,Вадимир,1,common_typo,ai_seed
Владимир,Владиир,1,common_typo,ai_seed
Владимир,Владимирка,1,colloquial,ai_seed
Владимир,Владимирушка,1,diminutive,ai_seed
Владимир,Владимирчик,1,diminutive,ai_seed
Владимир,Владимр,1,common_typo,ai_seed
Владимир,Влдаимир,1,common_typo,ai_seed
Владимир,Влладимир,1,common_typo,ai_seed
Владимир,Вова,1,diminutive,ai_seed
Владимир,Вовка,1,colloquial,ai_seed
Владимир,Володя,1,diminutive,ai_seed
Владислав,Валдислав,1,common_typo,ai_seed
Владислав,Владилсав,1,common_typo,ai_seed
Владислав,Владиславка,1,colloquial,ai_seed
Владислав,Владиславушка,1,diminutive,ai_seed
Владислав,Владиславчик,1,diminutive,ai_seed
Владислав,Владисслав,1,common_typo,ai_seed
Владислав,Слава,0,ambiguous: Владислав/Вячеслав/Станислав/Ярослав,ai_seed
Всеволод,Всевлод,1,common_typo,ai_seed
Всеволод,Всеволодка,1,colloquial,ai_seed
Всеволод,Всеволодушка,1,diminutive,ai_seed
Всеволод,Всеволодчик,1,diminutive,ai_seed
Всеволод,Всевоолод,1,common_typo,ai_seed
Всеволод,Вссеволод,1,common_typo,ai_seed
Вячеслав,Вячеславка,1,colloquial,ai_seed
Вячеслав,Вячеславушка,1,diminutive,ai_seed
Вячеслав,Вячеславчик,1,diminutive,ai_seed
Вячеслав,Вячеслв,1,common_typo,ai_seed
Вячеслав,Вяячеслав,1,common_typo,ai_seed
Вячеслав,Слава,0,ambiguous: Владислав/Вячеслав/Станислав/Ярослав,ai_seed
Галина,Галиненька,1,diminutive,ai_seed
Галина,Галинка,1,colloquial,ai_seed
Галина,Галинна,1,common_typo,ai_seed
Галина,Галиночка,1,diminutive,ai_seed
Галина,Глаина,1,common_typo,ai_seed
Геннадий,Генандий,1,common_typo,ai_seed
Геннадий,Геннадийка,1,colloquial,ai_seed
Геннадий,Геннадийушка,1,diminutive,ai_seed
Геннадий,Геннадийчик,1,diminutive,ai_seed
Геннадий,Геннаий,1,common_typo,ai_seed
Геннадий,Гннадий,1,common_typo,ai_seed
Георгий,Георгийка,1,colloquial,ai_seed
Георгий,Георгийушка,1,diminutive,ai_seed
Георгий,Георгийчик,1,diminutive,ai_seed
Георгий,Георргий,1,common_typo,ai_seed
Георгий,Гоергий,1,common_typo,ai_seed
Глеб,Глебка,1,colloquial,ai_seed
Глеб,Глебушка,1,diminutive,ai_seed
Глеб,Глебчик,1,diminutive,ai_seed
Григорий,Григоорий,1,common_typo,ai_seed
Григорий,Григорийка,1,colloquial,ai_seed
Григорий,Григорийушка,1,diminutive,ai_seed
Григорий,Григорийчик,1,diminutive,ai_seed
Григорий,Гриигорий,1,common_typo,ai_seed
Даниил,Даиил,1,common_typo,ai_seed
Даниил,Даниилка,1,colloquial,ai_seed
Даниил,Даниилушка,1,diminutive,ai_seed
Даниил,Даниилчик,1,diminutive,ai_seed
Даниил,Данил,1,common_typo,ai_seed
Данила,Даанила,1,common_typo,ai_seed
Данила,Даниила,1,common_typo,ai_seed
Данила,Даниленька,1,diminutive,ai_seed
Данила,Данилка,1,colloquial,ai_seed
Данила,Данилочка,1,diminutive,ai_seed
Данила,Данла,1,common_typo,ai_seed
Дарья,Дарьенька,1,diminutive,ai_seed
Дарья,Дарька,1,colloquial,ai_seed
Дарья,Дарьочка,1,diminutive,ai_seed
Дарья,Даря,1,common_typo,ai_seed
Дарья,Даша,1,diminutive,ai_seed
Дарья,Дашенька,1,diminutive,ai_seed
Дарья,Дашка,1,colloquial,ai_seed
Дарья,Драья,1,common_typo,ai_seed
Демид,Деимд,1,common_typo,ai_seed
Демид,Демидка,1,colloquial,ai_seed
Демид,Демидушка,1,diminutive,ai_seed
Демид,Демидчик,1,diminutive,ai_seed
Демид,Дмеид,1,common_typo,ai_seed
Денис,Дениис,1,common_typo,ai_seed
Денис,Дениска,1,colloquial,ai_seed
Денис,Денисушка,1,diminutive,ai_seed
Денис,Денисчик,1,diminutive,ai_seed
Денис,Днеис,1,common_typo,ai_seed
Диана,Дианенька,1,diminutive,ai_seed
Диана,Дианка,1,colloquial,ai_seed
Диана,Дианочка,1,diminutive,ai_seed
Диана,Дииана,1,common_typo,ai_seed
Диана,Дина,1,common_typo,ai_seed
Дмитрий,Дима,1,diminutive,ai_seed
Дмитрий,Димка,1,colloquial,ai_seed
Дмитрий,Дмиитрий,1,common_typo,ai_seed
Дмитрий,Дмирий,1,common_typo,ai_seed
Дмитрий,Дмитирй,1,common_typo,ai_seed
Дмитрий,Дмитриий,1,common_typo,ai_seed
Дмитрий,Дмитрийка,1,colloquial,ai_seed
Дмитрий,Дмитрийушка,1,diminutive,ai_seed
Дмитрий,Дмитрийчик,1,diminutive,ai_seed
Дмитрий,Дмитрй,1,common_typo,ai_seed
Дмитрий,Дммитрий,1,common_typo,ai_seed
Дмитрий,Митя,1,diminutive,ai_seed
Евгений,Евгеинй,1,common_typo,ai_seed
Евгений,Евгенийка,1,colloquial,ai_seed
Евгений,Евгенийушка,1,diminutive,ai_seed
Евгений,Евгенийчик,1,diminutive,ai_seed
Евгений,Женя,0,ambiguous: Евгений/Евгения,ai_seed
Евгения,Евгениенька,1,diminutive,ai_seed
Евгения,Евгеника,1,colloquial,ai_seed
Евгения,Евгениочка,1,diminutive,ai_seed
Евгения,Евгенния,1,common_typo,ai_seed
Евгения,Евгния,1,common_typo,ai_seed
Евгения,Евегния,1,common_typo,ai_seed
Евгения,Женя,0,ambiguous: Евгений/Евгения,ai_seed
Егор,Егорка,1,colloquial,ai_seed
Егор,Егорушка,1,diminutive,ai_seed
Егор,Егорчик,1,diminutive,ai_seed
Екатерина,Екаатерина,1,common_typo,ai_seed
Екатерина,Екатеирна,1,common_typo,ai_seed
Екатерина,Екатериа,1,common_typo,ai_seed
Екатерина,Екатериненька,1,diminutive,ai_seed
Екатерина,Екатеринка,1,colloquial,ai_seed
Екатерина,Екатериночка,1,diminutive,ai_seed
Екатерина,Екатреина,1,common_typo,ai_seed
Екатерина,Еккатерина,1,common_typo,ai_seed
Екатерина,Ектаерина,1,common_typo,ai_seed
Екатерина,Катька,1,colloquial,ai_seed
Екатерина,Катюша,1,diminutive,ai_seed
Екатерина,Катя,1,diminutive,ai_seed
Елена,Еелна,1,common_typo,ai_seed
Елена,Еена,1,common_typo,ai_seed
Елена,Елененька,1,diminutive,ai_seed
Елена,Еленка,1,colloquial,ai_seed
Елена,Еленна,1,common_typo,ai_seed
Елена,Еленочка,1,diminutive,ai_seed
Елена,Елнеа,1,common_typo,ai_seed
Елена,Лена,1,diminutive,ai_seed
Елена,Леночка,1,diminutive,ai_seed
Елизавета,Елизаветенька,1,diminutive,ai_seed
Елизавета,Елизаветка,1,colloquial,ai_seed
Елизавета,Елизаветочка,1,diminutive,ai_seed
Елизавета,Елизавта,1,common_typo,ai_seed
Елизавета,Еллизавета,1,common_typo,ai_seed
Елисей,Еисей,1,common_typo,ai_seed
Елисей,Елисейка,1,colloquial,ai_seed
Елисей,Елисейушка,1,diminutive,ai_seed
Елисей,Елисейчик,1,diminutive,ai_seed
Елисей,Елсией,1,common_typo,ai_seed
Ефим,Ефимка,1,colloquial,ai_seed
Ефим,Ефимушка,1,diminutive,ai_seed
Ефим,Ефимчик,1,diminutive,ai_seed
Жанна,Жана,1,common_typo,ai_seed
Жанна,Жанненька,1,diminutive,ai_seed
Жанна,Жаннка,1,colloquial,ai_seed
Жанна,Жанночка,1,diminutive,ai_seed
Жанна,Жнана,1,common_typo,ai_seed
Зинаида,Зинаиа,1,common_typo,ai_seed
Зинаида,Зинаидда,1,common_typo,ai_seed
Зинаида,Зинаиденька,1,diminutive,ai_seed
Зинаида,Зинаидка,1,colloquial,ai_seed
Зинаида,Зинаидочка,1,diminutive,ai_seed
Зинаида,Зинида,1,common_typo,ai_seed
Злата,Залта,1,common_typo,ai_seed
Злата,Злаата,1,common_typo,ai_seed
Злата,Златенька,1,diminutive,ai_seed
Злата,Златка,1,colloquial,ai_seed
Злата,Златочка,1,diminutive,ai_seed
Иван,Иванка,1,colloquial,ai_seed
Иван,Иванушка,1,diminutive,ai_seed
Иван,Иванчик,1,diminutive,ai_seed
Игнат,Игнатка,1,colloquial,ai_seed
Игнат,Игнатушка,1,diminutive,ai_seed
Игнат,Игнатчик,1,diminutive,ai_seed
Игнат,Инат,1,common_typo,ai_seed
Игнат,Ингат,1,common_typo,ai_seed
Игорь,Игоорь,1,common_typo,ai_seed
Игорь,Игорька,1,colloquial,ai_seed
Игорь,Игорьушка,1,diminutive,ai_seed
Игорь,Игорьчик,1,diminutive,ai_seed
Игорь,Игроь,1,common_typo,ai_seed
Илья,Ильенька,1,diminutive,ai_seed
Илья,Илька,1,colloquial,ai_seed
Илья,Ильочка,1,diminutive,ai_seed
Инна,Инненька,1,diminutive,ai_seed
Инна,Иннка,1,colloquial,ai_seed
Инна,Инночка,1,diminutive,ai_seed
Ирина,Иина,1,common_typo,ai_seed
Ирина,Иирна,1,common_typo,ai_seed
Ирина,Ира,1,diminutive,ai_seed
Ирина,Ириина,1,common_typo,ai_seed
Ирина,Ириненька,1,diminutive,ai_seed
Ирина,Иринка,1,colloquial,ai_seed
Ирина,Иринна,1,common_typo,ai_seed
Ирина,Ириночка,1,diminutive,ai_seed
Ирина,Ирка,1,colloquial,ai_seed
Ирина,Ирниа,1,common_typo,ai_seed
Ирина,Ирочка,1,diminutive,ai_seed
Ирина,Иррина,1,common_typo,ai_seed
Камила,Камиленька,1,diminutive,ai_seed
Камила,Камилка,1,colloquial,ai_seed
Камила,Камилочка,1,diminutive,ai_seed
Камила,Камлиа,1,common_typo,ai_seed
Камила,Каммила,1,common_typo,ai_seed
Карина,Кариненька,1,diminutive,ai_seed
Карина,Каринка,1,colloquial,ai_seed
Карина,Каринна,1,common_typo,ai_seed
Карина,Кариночка,1,diminutive,ai_seed
Карина,Каррина,1,common_typo,ai_seed
Карина,Краина,1,common_typo,ai_seed
Кира,Киренька,1,diminutive,ai_seed
Кира,Кирка,1,colloquial,ai_seed
Кира,Кирочка,1,diminutive,ai_seed
Кирилл,Киирлл,1,common_typo,ai_seed
Кирилл,Кириллка,1,colloquial,ai_seed
Кирилл,Кириллл,1,common_typo,ai_seed
Кирилл,Кириллушка,1,diminutive,ai_seed
Кирилл,Кириллчик,1,diminutive,ai_seed
Кирилл,Кирлл,1,common_typo,ai_seed
Кирилл,Киррилл,1,common_typo,ai_seed
Кирилл,Криилл,1,common_typo,ai_seed
Клавдия,Кавдия,1,common_typo,ai_seed
Клавдия,Калвдия,1,common_typo,ai_seed
Клавдия,Клаввдия,1,common_typo,ai_seed
Клавдия,Клавдиенька,1,diminutive,ai_seed
Клавдия,Клавдика,1,colloquial,ai_seed
Клавдия,Клавдиочка,1,diminutive,ai_seed
Клим,Климка,1,colloquial,ai_seed
Клим,Климушка,1,diminutive,ai_seed
Клим,Климчик,1,diminutive,ai_seed
Константин,Константинка,1,colloquial,ai_seed
Константин,Константинушка,1,diminutive,ai_seed
Константин,Константинчик,1,diminutive,ai_seed
Константин,Констнтин,1,common_typo,ai_seed
Константин,Коонстантин,1,common_typo,ai_seed
Кристина,Криистина,1,common_typo,ai_seed
Кристина,Крисстина,1,common_typo,ai_seed
Кристина,Кристиа,1,common_typo,ai_seed
Кристина,Кристиненька,1,diminutive,ai_seed
Кристина,Кристинка,1,colloquial,ai_seed
Кристина,Кристиночка,1,diminutive,ai_seed
Ксения,Ксениенька,1,diminutive,ai_seed
Ксения,Ксеника,1,colloquial,ai_seed
Ксения,Ксениочка,1,diminutive,ai_seed
Ксения,Ксеня,1,common_typo,ai_seed
Ксения,Кснеия,1,common_typo,ai_seed
Ксения,Ксния,1,common_typo,ai_seed
Ксения,Ксюша,0,ambiguous: Ксения/Оксана,ai_seed
Ксения,Ксюшенька,1,diminutive,ai_seed
Ксения,Ксюшка,1,colloquial,ai_seed
Лариса,Лаиса,1,common_typo,ai_seed
Лариса,Ларисенька,1,diminutive,ai_seed
Лариса,Лариска,1,colloquial,ai_seed
Лариса,Ларисочка,1,diminutive,ai_seed
Лариса,Лраиса,1,common_typo,ai_seed
Леонид,Леонидка,1,colloquial,ai_seed
Леонид,Леонидушка,1,diminutive,ai_seed
Леонид,Леонидчик,1,diminutive,ai_seed
Леонид,Леоонид,1,common_typo,ai_seed
Леонид,Лонид,1,common_typo,ai_seed
Лидия,Лдиия,1,common_typo,ai_seed
Лидия,Лидиенька,1,diminutive,ai_seed
Лидия,Лидика,1,colloquial,ai_seed
Лидия,Лидиочка,1,diminutive,ai_seed
Лидия,Лиидия,1,common_typo,ai_seed
Лилия,Лилиенька,1,diminutive,ai_seed
Лилия,Лилика,1,colloquial,ai_seed
Лилия,Лилиочка,1,diminutive,ai_seed
Лилия,Ллиия,1,common_typo,ai_seed
Любовь,Любоввь,1,common_typo,ai_seed
Любовь,Любовька,1,colloquial,ai_seed
Любовь,Любовьушка,1,diminutive,ai_seed
Любовь,Любовьчик,1,diminutive,ai_seed
Любовь,Любоовь,1,common_typo,ai_seed
Любовь,Лююбовь,1,common_typo,ai_seed
Людмила,Лдмила,1,common_typo,ai_seed
Людмила,Лдюмила,1,common_typo,ai_seed
Людмила,Людмиленька,1,diminutive,ai_seed
Людмила,Людмилка,1,colloquial,ai_seed
Людмила,Людмилочка,1,diminutive,ai_seed
Макар,Маакар,1,common_typo,ai_seed
Макар,Макарка,1,colloquial,ai_seed
Макар,Макарушка,1,diminutive,ai_seed
Макар,Макарчик,1,diminutive,ai_seed
Макар,Маккар,1,common_typo,ai_seed
Максим,Маким,1,common_typo,ai_seed
Максим,Макисм,1,common_typo,ai_seed
Максим,Макксим,1,common_typo,ai_seed
Максим,Максимка,1,colloquial,ai_seed
Максим,Максимушка,1,diminutive,ai_seed
Максим,Максимчик,1,diminutive,ai_seed
Максим,Максм,1,common_typo,ai_seed
Максим,Масим,1,common_typo,ai_seed
Марат,Маат,1,common_typo,ai_seed
Марат,Маратка,1,colloquial,ai_seed
Марат,Маратушка,1,diminutive,ai_seed
Марат,Маратчик,1,diminutive,ai_seed
Марат,Март,1,common_typo,ai_seed
Маргарита,Маргаритенька,1,diminutive,ai_seed
Маргарита,Маргаритка,1,colloquial,ai_seed
Маргарита,Маргариточка,1,diminutive,ai_seed
Маргарита,Маргартиа,1,common_typo,ai_seed
Маргарита,Марграита,1,common_typo,ai_seed
Марина,Маина,1,common_typo,ai_seed
Марина,Мариа,1,common_typo,ai_seed
Марина,Мариненька,1,diminutive,ai_seed
Марина,Маринка,1,colloquial,ai_seed
Марина,Мариночка,1,diminutive,ai_seed
Марина,Мрина,1,common_typo,ai_seed
Мария,Маария,1,common_typo,ai_seed
Мария,Маиря,1,common_typo,ai_seed
Мария,Мариенька,1,diminutive,ai_seed
Мария,Марика,1,colloquial,ai_seed
Мария,Мариочка,1,diminutive,ai_seed
Мария,Маря,1,common_typo,ai_seed
Мария,Маша,1,diminutive,ai_seed
Мария,Машенька,1,diminutive,ai_seed
Мария,Машка,1,colloquial,ai_seed
Мария,Мраия,1,common_typo,ai_seed
Марк,Маркка,1,colloquial,ai_seed
Марк,Маркушка,1,diminutive,ai_seed
Марк,Маркчик,1,diminutive,ai_seed
Матвей,Мавтей,1,common_typo,ai_seed
Матвей,Матвейка,1,colloquial,ai_seed
Матвей,Матвейушка,1,diminutive,ai_seed
Матвей,Матвейчик,1,diminutive,ai_seed
Матвей,Матевй,1,common_typo,ai_seed
Матвей,Матей,1,common_typo,ai_seed
Матвей,Маттвей,1,common_typo,ai_seed
Матвей,Мтавей,1,common_typo,ai_seed
Милана,Миална,1,common_typo,ai_seed
Милана,Миланенька,1,diminutive,ai_seed
Милана,Миланка,1,colloquial,ai_seed
Милана,Миланочка,1,diminutive,ai_seed
Милана,Милна,1,common_typo,ai_seed
Мирон,Мирн,1,common_typo,ai_seed
Мирон,Миронка,1,colloquial,ai_seed
Мирон,Миронушка,1,diminutive,ai_seed
Мирон,Мирончик,1,diminutive,ai_seed
Мирон,Мироон,1,common_typo,ai_seed
Мирон,Мрион,1,common_typo,ai_seed
Михаил,Миаил,1,common_typo,ai_seed
Михаил,Михаилка,1,colloquial,ai_seed
Михаил,Михаилушка,1,diminutive,ai_seed
Михаил,Михаилчик,1,diminutive,ai_seed
Михаил,Миххаил,1,common_typo,ai_seed
Михаил,Мхаил,1,common_typo,ai_seed
Михаил,Мхиаил,1,common_typo,ai_seed
Надежда,Наддежда,1,common_typo,ai_seed
Надежда,Надежденька,1,diminutive,ai_seed
Надежда,Надеждка,1,colloquial,ai_seed
Надежда,Надеждочка,1,diminutive,ai_seed
Надежда,Ндаежда,1,common_typo,ai_seed
Назар,Наазр,1,common_typo,ai_seed
Назар,Назарка,1,colloquial,ai_seed
Назар,Назарушка,1,diminutive,ai_seed
Назар,Назарчик,1,diminutive,ai_seed
Назар,Наззар,1,common_typo,ai_seed
Наталья,Наатлья,1,common_typo,ai_seed
Наталья,Наталлья,1,common_typo,ai_seed
Наталья,Натальенька,1,diminutive,ai_seed
Наталья,Наталька,1,colloquial,ai_seed
Наталья,Натальочка,1,diminutive,ai_seed
Наталья,Натальья,1,common_typo,ai_seed
Наталья,Наташа,1,diminutive,ai_seed
Наталья,Наташка,1,colloquial,ai_seed
Наталья,Нтаалья,1,common_typo,ai_seed
Наталья,Нталья,1,common_typo,ai_seed
Никита,Никиа,1,common_typo,ai_seed
Никита,Никитенька,1,diminutive,ai_seed
Никита,Никитка,1,colloquial,ai_seed
Никита,Никиточка,1,diminutive,ai_seed
Никита,Никта,1,common_typo,ai_seed
Никита,Никтиа,1,common_typo,ai_seed
Николай,Никколай,1,common_typo,ai_seed
Николай,Никлай,1,common_typo,ai_seed
Николай,Никоалй,1,common_typo,ai_seed
Николай,Николайка,1,colloquial,ai_seed
Николай,Николайушка,1,diminutive,ai_seed
Николай,Николайчик,1,diminutive,ai_seed
Николай,Николй,1,common_typo,ai_seed
Николай,Нкиолай,1,common_typo,ai_seed
Николай,Нколай,1,common_typo,ai_seed
Нина,Ниненька,1,diminutive,ai_seed
Нина,Нинка,1,colloquial,ai_seed
Нина,Ниночка,1,diminutive,ai_seed
Оксана,Ксюша,0,ambiguous: Ксения/Оксана,ai_seed
Оксана,Оксаа,1,common_typo,ai_seed
Оксана,Оксаненька,1,diminutive,ai_seed
Оксана,Оксанка,1,colloquial,ai_seed
Оксана,Оксаночка,1,diminutive,ai_seed
Оксана,Осана,1,common_typo,ai_seed
Олег,Олегка,1,colloquial,ai_seed
Олег,Олегушка,1,diminutive,ai_seed
Олег,Олегчик,1,diminutive,ai_seed
Ольга,Олечка,1,diminutive,ai_seed
Ольга,Олльга,1,common_typo,ai_seed
Ольга,Ольа,1,common_typo,ai_seed
Ольга,Ольгга,1,common_typo,ai_seed
Ольга,Ольгенька,1,diminutive,ai_seed
Ольга,Ольгка,1,colloquial,ai_seed
Ольга,Ольгочка,1,diminutive,ai_seed
Ольга,Олька,1,colloquial,ai_seed
Ольга,Оля,1,diminutive,ai_seed
Ольга,Оьлга,1,common_typo,ai_seed
Павел,Паавел,1,common_typo,ai_seed
Павел,Паввел,1,common_typo,ai_seed
Павел,Павелка,1,colloquial,ai_seed
Павел,Павелушка,1,diminutive,ai_seed
Павел,Павелчик,1,diminutive,ai_seed
Павел,Паел,1,common_typo,ai_seed
Павел,Пваел,1,common_typo,ai_seed
Платон,Плаатон,1,common_typo,ai_seed
Платон,Плаон,1,common_typo,ai_seed
Платон,Платонка,1,colloquial,ai_seed
Платон,Платонушка,1,diminutive,ai_seed
Платон,Платончик,1,diminutive,ai_seed
Платон,Плтон,1,common_typo,ai_seed
Полина,Поилна,1,common_typo,ai_seed
Полина,Поина,1,common_typo,ai_seed
Полина,Полечка,1,diminutive,ai_seed
Полина,Полиа,1,common_typo,ai_seed
Полина,Полиненька,1,diminutive,ai_seed
Полина,Полинка,1,colloquial,ai_seed
Полина,Полинна,1,common_typo,ai_seed
Полина,Полиночка,1,diminutive,ai_seed
Полина,Полна,1,common_typo,ai_seed
Полина,Поля,1,diminutive,ai_seed
Полина,Поолина,1,common_typo,ai_seed
Прохор,Прохорка,1,colloquial,ai_seed
Прохор,Прохорушка,1,diminutive,ai_seed
Прохор,Прохорчик,1,diminutive,ai_seed
Прохор,Пррохор,1,common_typo,ai_seed
Прохор,Прхоор,1,common_typo,ai_seed
Прохор,Прхор,1,common_typo,ai_seed
Пётр,Петр,1,yo/e,ai_seed
Пётр,Пётрка,1,colloquial,ai_seed
Пётр,Пётрушка,1,diminutive,ai_seed
Пётр,Пётрчик,1,diminutive,ai_seed
Роман,Рмоан,1,common_typo,ai_seed
Роман,Роан,1,common_typo,ai_seed
Роман,Романка,1,colloquial,ai_seed
Роман,Романушка,1,diminutive,ai_seed
Роман,Романчик,1,diminutive,ai_seed
Ростислав,Ростиславка,1,colloquial,ai_seed
Ростислав,Ростиславушка,1,diminutive,ai_seed
Ростислав,Ростиславчик,1,diminutive,ai_seed
Ростислав,Ростислв,1,common_typo,ai_seed
Ростислав,Ростисслав,1,common_typo,ai_seed
Руслан,Рсулан,1,common_typo,ai_seed
Руслан,Русланка,1,colloquial,ai_seed
Руслан,Русланушка,1,diminutive,ai_seed
Руслан,Русланчик,1,diminutive,ai_seed
Руслан,Руслн,1,common_typo,ai_seed
Савелий,Савеелий,1,common_typo,ai_seed
Савелий,Савеий,1,common_typo,ai_seed
Савелий,Савеилй,1,common_typo,ai_seed
Савелий,Савелийка,1,colloquial,ai_seed
Савелий,Савелийушка,1,diminutive,ai_seed
Савелий,Савелийчик,1,diminutive,ai_seed
Светлана,Света,1,diminutive,ai_seed
Светлана,Светана,1,common_typo,ai_seed
Светлана,Светка,1,colloquial,ai_seed
Светлана,Светлаана,1,common_typo,ai_seed
Светлана,Светланенька,1,diminutive,ai_seed
Светлана,Светланка,1,colloquial,ai_seed
Светлана,Светланочка,1,diminutive,ai_seed
Светлана,Светочка,1,diminutive,ai_seed
Семён,Сема,1,yo/e,ai_seed
Семён,Семен,1,yo/e,ai_seed
Семён,Семка,1,colloquial,ai_seed
Семён,Семёнка,1,colloquial,ai_seed
Семён,Семёнушка,1,diminutive,ai_seed
Семён,Семёнчик,1,diminutive,ai_seed
Семён,Смеён,1,common_typo,ai_seed
Семён,Смён,1,common_typo,ai_seed
Семён,Сёма,1,diminutive,ai_seed
Сергей,Сегей,1,common_typo,ai_seed
Сергей,Сегрей,1,common_typo,ai_seed
Сергей,Сеергей,1,common_typo,ai_seed
Сергей,Сергейка,1,colloquial,ai_seed
Сергей,Сергейушка,1,diminutive,ai_seed
Сергей,Сергейчик,1,diminutive,ai_seed
Сергей,Сергй,1,common_typo,ai_seed
Сергей,Серега,1,colloquial,ai_seed
Сергей,Серегй,1,common_typo,ai_seed
Сергей,Сережа,1,yo/e,ai_seed
Сергей,Серёжа,1,diminutive,ai_seed
Снежана,Снеана,1,common_typo,ai_seed
Снежана,Снежаненька,1,diminutive,ai_seed
Снежана,Снежанка,1,colloquial,ai_seed
Снежана,Снежаночка,1,diminutive,ai_seed
Снежана,Снежжана,1,common_typo,ai_seed
Соня,Соненька,1,diminutive,ai_seed
Соня,Сонечка,1,diminutive,ai_seed
Соня,Сонка,1,colloquial,ai_seed
Соня,Соночка,1,diminutive,ai_seed
Соня,Сонюшка,1,diminutive,ai_seed
Соня,Соня,0,ambiguous: Соня/София,ai_seed
София,Соия,1,common_typo,ai_seed
София,Соня,0,ambiguous: Соня/София,ai_seed
София,Софиенька,1,diminutive,ai_seed
София,Софиия,1,common_typo,ai_seed
София,Софика,1,colloquial,ai_seed
София,Софиочка,1,diminutive,ai_seed
Станислав,Слава,0,ambiguous: Владислав/Вячеслав/Станислав/Ярослав,ai_seed
Станислав,Станилсав,1,common_typo,ai_seed
Станислав,Станиславка,1,colloquial,ai_seed
Станислав,Станиславушка,1,diminutive,ai_seed
Станислав,Станиславчик,1,diminutive,ai_seed
Станислав,Станислв,1,common_typo,ai_seed
Станислав,Стнислав,1,common_typo,ai_seed
Степан,Стеан,1,common_typo,ai_seed
Степан,Стеапн,1,common_typo,ai_seed
Степан,Стеепан,1,common_typo,ai_seed
Степан,Степа,1,yo/e,ai_seed
Степан,Степанка,1,colloquial,ai_seed
Степан,Степанушка,1,diminutive,ai_seed
Степан,Степанчик,1,diminutive,ai_seed
Степан,Стёпа,1,diminutive,ai_seed
Таисия,Тааисия,1,common_typo,ai_seed
Таисия,Таисиенька,1,diminutive,ai_seed
Таисия,Таисика,1,colloquial,ai_seed
Таисия,Таисиочка,1,diminutive,ai_seed
Таисия,Таися,1,common_typo,ai_seed
Таисия,Тисия,1,common_typo,ai_seed
Тамара,Тамаренька,1,diminutive,ai_seed
Тамара,Тамарка,1,colloquial,ai_seed
Тамара,Тамарочка,1,diminutive,ai_seed
Тамара,Тамра,1,common_typo,ai_seed
Тамара,Тмара,1,common_typo,ai_seed
Тамара,Тома,0,ambiguous: Тамара/Тома,ai_seed
Тарас,Тараас,1,common_typo,ai_seed
Тарас,Тараска,1,colloquial,ai_seed
Тарас,Тарасушка,1,diminutive,ai_seed
Тарас,Тарасчик,1,diminutive,ai_seed
Тарас,Трас,1,common_typo,ai_seed
Татьяна,Танечка,1,diminutive,ai_seed
Татьяна,Танька,1,colloquial,ai_seed
Татьяна,Таня,1,diminutive,ai_seed
Татьяна,Татьяа,1,common_typo,ai_seed
Татьяна,Татьяненька,1,diminutive,ai_seed
Татьяна,Татьянка,1,colloquial,ai_seed
Татьяна,Татьянна,1,common_typo,ai_seed
Татьяна,Татьяночка,1,diminutive,ai_seed
Татьяна,Татяьна,1,common_typo,ai_seed
Татьяна,Таьяна,1,common_typo,ai_seed
Татьяна,Ттаьяна,1,common_typo,ai_seed
Тимофей,Тима,0,ambiguous: Тимофей/Тимур,ai_seed
Тимофей,Тимофейка,1,colloquial,ai_seed
Тимофей,Тимофейушка,1,diminutive,ai_seed
Тимофей,Тимофейчик,1,diminutive,ai_seed
Тимофей,Тимфоей,1,common_typo,ai_seed
Тимофей,Тмофей,1,common_typo,ai_seed
Тимур,Тима,0,ambiguous: Тимофей/Тимур,ai_seed
Тимур,Тимурка,1,colloquial,ai_seed
Тимур,Тимурушка,1,diminutive,ai_seed
Тимур,Тимурчик,1,diminutive,ai_seed
Тимур,Тимуур,1,common_typo,ai_seed
Тимур,Тмиур,1,common_typo,ai_seed
Тимур,Тмур,1,common_typo,ai_seed
Тома,Тома,0,ambiguous: Тамара/Тома,ai_seed
Тома,Томенька,1,diminutive,ai_seed
Тома,Томка,1,colloquial,ai_seed
Тома,Томочка,1,diminutive,ai_seed
Ульяна,Ульна,1,common_typo,ai_seed
Ульяна,Ульяа,1,common_typo,ai_seed
Ульяна,Ульяненька,1,diminutive,ai_seed
Ульяна,Ульянка,1,colloquial,ai_seed
Ульяна,Ульяночка,1,diminutive,ai_seed
Филипп,Фиилпп,1,common_typo,ai_seed
Филипп,Филиппка,1,colloquial,ai_seed
Филипп,Филиппушка,1,diminutive,ai_seed
Филипп,Филиппчик,1,diminutive,ai_seed
Филипп,Филпип,1,common_typo,ai_seed
Фёдор,Фдёор,1,common_typo,ai_seed
Фёдор,Федор,1,yo/e,ai_seed
Фёдор,Федя,1,diminutive,ai_seed
Фёдор,Фёдорка,1,colloquial,ai_seed
Фёдор,Фёдорушка,1,diminutive,ai_seed
Фёдор,Фёдорчик,1,diminutive,ai_seed
Фёдор,Фёдр,1,common_typo,ai_seed
Фёдор,Фёодр,1,common_typo,ai_seed
Эдуард,Эдаурд,1,common_typo,ai_seed
Эдуард,Эдуардка,1,colloquial,ai_seed
Эдуард,Эдуардушка,1,diminutive,ai_seed
Эдуард,Эдуардчик,1,diminutive,ai_seed
Эдуард,Эдуаррд,1,common_typo,ai_seed
Эдуард,Эдурд,1,common_typo,ai_seed
Юлия,Юлечка,1,diminutive,ai_seed
Юлия,Юлиенька,1,diminutive,ai_seed
Юлия,Юлика,1,colloquial,ai_seed
Юлия,Юлиочка,1,diminutive,ai_seed
Юлия,Юлька,1,colloquial,ai_seed
Юлия,Юля,1,diminutive,ai_seed
Юрий,Юрийка,1,colloquial,ai_seed
Юрий,Юрийушка,1,diminutive,ai_seed
Юрий,Юрийчик,1,diminutive,ai_seed
Яков,Яковка,1,colloquial,ai_seed
Яков,Яковушка,1,diminutive,ai_seed
Яков,Яковчик,1,diminutive,ai_seed
Ярослав,Слава,0,ambiguous: Владислав/Вячеслав/Станислав/Ярослав,ai_seed
Ярослав,Яролав,1,common_typo,ai_seed
Ярослав,Ярославка,1,colloquial,ai_seed
Ярослав,Ярославушка,1,diminutive,ai_seed
Ярослав,Ярославчик,1,diminutive,ai_seed
Ярослав,Яросслав,1,common_typo,ai_seed
Ярослав,Ярсолав,1,common_typo,ai_seed
